<?xml version="1.0" encoding="UTF-8" standalone="yes"?>
<addon id="repo.dragon" name="REPO DRAGON" version="0.0.1" provider-name="takeone">
    <extension point="xbmc.addon.repository" name="REPO DRAGON">
		<dir>
    		<info compressed="false">https://raw.githubusercontent.com/TakeOne-Team/RepoDragon.github.io/main/addons.xml</info>
    		<checksum>https://raw.githubusercontent.com/TakeOne-Team/RepoDragon.github.io/main/addons.xml.md5</checksum>
    		<datadir zip="true">https://raw.githubusercontent.com/TakeOne-Team/RepoDragon.github.io/main/zips</datadir>
			<hashes>false</hashes>
		</dir>
    </extension>
    <extension point="xbmc.addon.metadata">
        <summary>Repo Dragon</summary>
        <description>Repo Dragon</description>
        <platform>all</platform>
        <assets>
            <icon>icon.png</icon>
            <fanart>fanart.jpg</fanart>
        </assets>
    </extension>
</addon>